{
  "graph_settings": {
    "position": {
      "x": 8.531199623432094,
      "y": -18.195948518114136
    },
    "scale": 0.8553994877475242
  },
  "node_coordinates": {
    "1": {
      "x": -300.8820727578856,
      "y": 58.421867958178225
    },
    "2": {
      "x": -116.38169671997197,
      "y": 171.62193250391002
    },
    "3": {
      "x": 121.26513044333768,
      "y": 31.192763429099788
    },
    "4": {
      "x": -280.0811239588945,
      "y": 197.2572104866329
    },
    "5": {
      "x": -412.85923122277205,
      "y": 100.11019309275719
    },
    "6": {
      "x": -353.1755559455577,
      "y": -104.84614885368988
    },
    "7": {
      "x": 104.42622172088625,
      "y": 134.87973912477779
    },
    "8": {
      "x": -250.39105888359268,
      "y": 33.82676570427506
    },
    "9": {
      "x": -55.19905252085035,
      "y": 124.65741708626128
    },
    "10": {
      "x": -49.08946773878,
      "y": -34.5688347988885
    },
    "11": {
      "x": 348.26264998691147,
      "y": -19.16828331725926
    },
    "12": {
      "x": -245.83616411590054,
      "y": 87.80825733788609
    },
    "13": {
      "x": -140.3128949110271,
      "y": -185.7125080876488
    },
    "14": {
      "x": -227.38500252418936,
      "y": -94.01354313408335
    },
    "15": {
      "x": 468.093093189762,
      "y": -154.44494226250606
    },
    "16": {
      "x": 287.8561293439122,
      "y": 142.47132306765957
    },
    "17": {
      "x": 63.73407358761233,
      "y": 297.3620254240809
    },
    "18": {
      "x": -209.36854148334956,
      "y": 236.79324117519235
    },
    "19": {
      "x": -33.88540332091249,
      "y": 279.83081468331807
    },
    "20": {
      "x": -70.5723674575616,
      "y": -51.08350537906538
    },
    "21": {
      "x": -212.76633160415514,
      "y": -266.77680906993487
    },
    "22": {
      "x": 253.4290562332509,
      "y": -138.5953562771066
    },
    "23": {
      "x": -37.990822721167135,
      "y": -219.04742091995584
    },
    "24": {
      "x": 33.58751015611044,
      "y": 43.933749249032815
    },
    "25": {
      "x": 46.65221037223792,
      "y": -333.75392246030924
    },
    "26": {
      "x": -99.11717136282725,
      "y": -163.22767564276703
    },
    "27": {
      "x": 124.86326928860109,
      "y": -258.26792753718894
    },
    "28": {
      "x": 203.51898779584118,
      "y": 72.08523138435376
    },
    "29": {
      "x": 79.81148512916296,
      "y": -149.05367212622173
    },
    "30": {
      "x": 185.5456715402127,
      "y": 198.45316653937545
    },
    "31": {
      "x": -451.0306939428979,
      "y": -48.74610955150522
    }
  }
}