{
  "graph_settings": {
    "position": {
      "x": -7.2607874268472,
      "y": 52.549446128825764
    },
    "scale": 0.6897885581120174
  },
  "node_coordinates": {
    "1": {
      "x": -89.32372740641826,
      "y": -250.9098232652739
    },
    "2": {
      "x": -77.71709031049078,
      "y": -88.19341646306736
    },
    "3": {
      "x": -235.20086887911197,
      "y": -360.1308834806956
    },
    "4": {
      "x": -161.27201164088234,
      "y": 2.9600135949265187
    },
    "5": {
      "x": -287.3788517109532,
      "y": 164.8848956706805
    },
    "6": {
      "x": -125.38716414433433,
      "y": 91.76327716701118
    },
    "7": {
      "x": 158.42056175740424,
      "y": -104.10230530407887
    },
    "8": {
      "x": 136.82715415693207,
      "y": 269.26940966660146
    },
    "9": {
      "x": 80.3642619954974,
      "y": 390.93705607326103
    },
    "10": {
      "x": 175.56111666830554,
      "y": 85.41451854904784
    },
    "11": {
      "x": 329.3655307871703,
      "y": -60.255598826323386
    },
    "12": {
      "x": -11.066419295224492,
      "y": 217.92502432353112
    },
    "13": {
      "x": 254.75905701832738,
      "y": 146.29765540259157
    },
    "14": {
      "x": 63.53325618547663,
      "y": 73.78881643848887
    }
  }
}