{
  "graph_settings": {
    "position": {
      "x": 19.022747655399144,
      "y": 16.899377938825637
    },
    "scale": 1
  },
  "node_coordinates": {
    "1": {
      "x": -123.53022642288761,
      "y": 49.19457939505851
    },
    "2": {
      "x": -293.8300856206103,
      "y": 98.61666074385204
    },
    "3": {
      "x": 77.27910580658036,
      "y": -106.55370316917396
    },
    "4": {
      "x": -188.1207310292104,
      "y": -199.90762792307942
    },
    "5": {
      "x": 30.653751083092203,
      "y": -39.54432635031325
    },
    "6": {
      "x": 257.1648974627674,
      "y": 215.8115355841885
    },
    "7": {
      "x": 14.334354516554612,
      "y": 140.35245904682523
    },
    "8": {
      "x": -57.47441300283083,
      "y": 21.458734233722986
    },
    "9": {
      "x": 279.5757217336859,
      "y": -160.9156279690599
    }
  }
}