{
  "graph_settings": {
    "position": {
      "x": -12.612158207921311,
      "y": 20.721841315971687
    },
    "scale": 1
  },
  "node_coordinates": {
    "1": {
      "x": -76.22582610355697,
      "y": 109.88876793904792
    },
    "2": {
      "x": -218.45002944045308,
      "y": -24.450519356419015
    },
    "3": {
      "x": -128.0225836193589,
      "y": -153.73091752751262
    },
    "4": {
      "x": 61.36898046120132,
      "y": -37.42012759650506
    },
    "5": {
      "x": 193.22571302461046,
      "y": -19.659684396221692
    },
    "6": {
      "x": 153.54760101314292,
      "y": -103.7637780073014
    },
    "7": {
      "x": 167.7253196092363,
      "y": 128.95026080602523
    },
    "8": {
      "x": 58.611681279658384,
      "y": -16.108788996005757
    },
    "9": {
      "x": 54.4092743356675,
      "y": 28.885207154704176
    },
    "10": {
      "x": -22.7203698913021,
      "y": -79.0182855194046
    },
    "11": {
      "x": -75.90626311964127,
      "y": -53.347070840179185
    },
    "12": {
      "x": -128.6664712277761,
      "y": 75.64482450577995
    },
    "13": {
      "x": -77.54318948416449,
      "y": 194.276162659456
    }
  }
}