{
  "graph_settings": {
    "position": {
      "x": 180,
      "y": -143.75
    },
    "scale": 0.8
  },
  "node_coordinates": {
    "1": {
      "x": -262.7847829781199,
      "y": -271.0361710809296
    },
    "2": {
      "x": -245.65091822314653,
      "y": 27.160063166092
    },
    "3": {
      "x": -154.48587188665311,
      "y": -354.3380855843989
    },
    "4": {
      "x": 28.57583678446679,
      "y": -435.5524954606767
    },
    "5": {
      "x": -67.27786650842275,
      "y": 75.95795225978253
    },
    "6": {
      "x": -198.19593573768898,
      "y": -103.52147122834543
    },
    "7": {
      "x": -216.0402389594511,
      "y": -43.854896394273254
    },
    "8": {
      "x": -138.85216215885924,
      "y": -35.77398325359729
    },
    "9": {
      "x": -72.6243040315787,
      "y": -166.7356651416615
    },
    "10": {
      "x": 31.1999112626317,
      "y": 177.44780487080845
    },
    "11": {
      "x": -32.00641909367057,
      "y": -297.46238046463674
    },
    "12": {
      "x": 201.4870801496161,
      "y": -421.43688108501743
    },
    "13": {
      "x": 117.99254099032323,
      "y": -291.07075204031054
    },
    "14": {
      "x": 101.93986735326585,
      "y": -198.39917907480987
    },
    "15": {
      "x": 197.02018831324736,
      "y": -349.54448450903
    },
    "16": {
      "x": 282.0896860073504,
      "y": -310.15917122728155
    },
    "17": {
      "x": 151.84016196647457,
      "y": -25.57474266211292
    },
    "18": {
      "x": 245.81945316286945,
      "y": -46.633349481317104
    },
    "19": {
      "x": 293.52131911832686,
      "y": -73.04266391236759
    },
    "20": {
      "x": 313.0360120759535,
      "y": 4.568583269280936
    },
    "21": {
      "x": 545.2502272950853,
      "y": -313.3660861463905
    },
    "22": {
      "x": 619.6003124102195,
      "y": -105.5591208182367
    },
    "23": {
      "x": 219.81422075819904,
      "y": -230.374738566232
    },
    "24": {
      "x": 35.59837245826354,
      "y": -274.8235845397204
    }
  }
}