{
  "graph_settings": {
    "position": {
      "x": 6.940951289143437,
      "y": -0.17342245187391792
    },
    "scale": 0.696024793089969
  },
  "node_coordinates": {
    "1": {
      "x": 49.16814711098222,
      "y": -344.4299384770138
    },
    "2": {
      "x": -358.39379490741356,
      "y": -263.94529720503965
    },
    "3": {
      "x": -126.07629451976374,
      "y": 52.996356326299946
    },
    "4": {
      "x": -5.910386922432693,
      "y": -293.62943992692567
    },
    "5": {
      "x": 245.06794112620773,
      "y": -329.3452134010023
    },
    "6": {
      "x": 409.78351855571583,
      "y": -240.2109205763444
    },
    "7": {
      "x": 2.2551948286125025,
      "y": 153.94594399811962
    },
    "8": {
      "x": -316.27971177098027,
      "y": -361.3902707531132
    },
    "9": {
      "x": 217.98406791801858,
      "y": 129.50348891363356
    },
    "10": {
      "x": 40.35154549820469,
      "y": 43.82451071395387
    },
    "11": {
      "x": -477.20046942517286,
      "y": -110.5634962483475
    },
    "12": {
      "x": 363.8490270392284,
      "y": -128.99076325312478
    },
    "13": {
      "x": 200.1969528328366,
      "y": -106.92822411878636
    },
    "14": {
      "x": 76.92724078682922,
      "y": -115.66176034031804
    },
    "15": {
      "x": -395.7362514526011,
      "y": 188.44847491488594
    },
    "16": {
      "x": -58.32189665324222,
      "y": 364.4629345930754
    },
    "17": {
      "x": 209.10772837496194,
      "y": 326.89019046309375
    },
    "18": {
      "x": 310.8130556240121,
      "y": -17.40210615820164
    },
    "19": {
      "x": 409.6181540308879,
      "y": 135.0802319643267
    },
    "20": {
      "x": 253.40685874612672,
      "y": 3.3453882703242233
    },
    "21": {
      "x": -350.81105412953445,
      "y": -199.18687295505592
    },
    "22": {
      "x": -248.8406152794119,
      "y": 266.819710291973
    },
    "23": {
      "x": 136.79247786969506,
      "y": 53.848273740834514
    },
    "24": {
      "x": 246.92197825368828,
      "y": 248.10761143715976
    },
    "25": {
      "x": 246.63080848445873,
      "y": 199.83082630734182
    },
    "26": {
      "x": 31.04978483374333,
      "y": -76.61151522492516
    },
    "27": {
      "x": -98.60961890040352,
      "y": 165.78802712194985
    },
    "28": {
      "x": -26.047931136405595,
      "y": 214.7789491134398
    },
    "29": {
      "x": 70.06244404717194,
      "y": 184.8904833861354
    },
    "30": {
      "x": 149.346864128515,
      "y": 390.8248974855492
    },
    "31": {
      "x": 183.3346535657879,
      "y": -391.17174238929704
    }
  }
}