{
  "graph_settings": {
    "position": {
      "x": -30.99547460840354,
      "y": 17.645824169807444
    },
    "scale": 0.8600583546412902
  },
  "node_coordinates": {
    "1": {
      "x": -511.81208044219636,
      "y": 120.71195075984883
    },
    "2": {
      "x": -200.16360477293597,
      "y": -200.03203804026484
    },
    "3": {
      "x": -196.3816232698182,
      "y": 18.115154771941263
    },
    "4": {
      "x": -88.86830310416155,
      "y": -45.610796626087904
    },
    "5": {
      "x": -4.925419768603206,
      "y": 150.48596405140313
    },
    "6": {
      "x": -527.7294591086928,
      "y": -42.634868275479676
    },
    "7": {
      "x": 74.1815663460211,
      "y": -4.100703801218344
    },
    "8": {
      "x": -211.12854140354193,
      "y": 190.0023180540354
    },
    "9": {
      "x": 163.20178906143713,
      "y": 205.33387488873473
    },
    "10": {
      "x": 183.85154613575173,
      "y": 88.866768688006
    },
    "11": {
      "x": 303.65230951552667,
      "y": 63.90237261124116
    },
    "12": {
      "x": 540.1277010715785,
      "y": 8.411926381457306
    }
  }
}