{
  "graph_settings": {
    "position": {
      "x": -51.97530864197533,
      "y": -304.3086419753085
    },
    "scale": 0.81
  },
  "node_coordinates": {
    "1": {
      "x": -387.6696264909033,
      "y": -597.5473917958
    },
    "2": {
      "x": -174.51260128900032,
      "y": -598.7956069302762
    },
    "3": {
      "x": 38.1023618241618,
      "y": -602.4495574065631
    },
    "4": {
      "x": 206.56827439227266,
      "y": -610.7906186628165
    },
    "5": {
      "x": -467.04403460090526,
      "y": -405.7402767754429
    },
    "6": {
      "x": -424.05052396798965,
      "y": -402.8643225759937
    },
    "7": {
      "x": -378.7805788516756,
      "y": -402.2228668160274
    },
    "8": {
      "x": -287.44119034931214,
      "y": -401.54330833418874
    },
    "9": {
      "x": -208.82179283714058,
      "y": -402.422907842938
    },
    "10": {
      "x": -66.43132812044546,
      "y": -402.3570387693554
    },
    "11": {
      "x": 34.03608362964904,
      "y": -401.8285390593422
    },
    "12": {
      "x": 75.04391956794015,
      "y": -404.9733266612437
    },
    "13": {
      "x": 113.8672414539256,
      "y": -406.4427626500734
    },
    "14": {
      "x": 175.5559141668007,
      "y": -406.0942295933888
    },
    "15": {
      "x": 322.4311607921401,
      "y": -425.23471165505947
    },
    "16": {
      "x": -403.2233249860147,
      "y": -302.35197952273785
    },
    "17": {
      "x": -345.65321263065215,
      "y": -300.98672068073535
    },
    "18": {
      "x": -316.8771367408228,
      "y": -301.09252563407176
    },
    "19": {
      "x": -287.57220369968945,
      "y": -301.32495294257006
    },
    "20": {
      "x": -232.60440993710588,
      "y": -289.2074288899581
    },
    "21": {
      "x": -165.47578705348965,
      "y": -306.4106797723855
    },
    "22": {
      "x": -137.36916243205962,
      "y": -305.9804319682531
    },
    "23": {
      "x": -57.54999343651746,
      "y": -303.05508249182446
    },
    "24": {
      "x": -27.510559793016988,
      "y": -301.3181572594779
    },
    "25": {
      "x": 3.330922191906002,
      "y": -302.1294716630719
    },
    "26": {
      "x": 34.51829168098434,
      "y": -300.82436605896714
    },
    "27": {
      "x": 66.94331415096993,
      "y": -297.5667660793813
    },
    "28": {
      "x": 133.29175386536758,
      "y": -298.8640936102795
    },
    "29": {
      "x": 166.92253893851267,
      "y": -298.45243600888404
    },
    "30": {
      "x": 326.10762510086994,
      "y": -173.07955594646776
    },
    "31": {
      "x": -167.16768957766195,
      "y": -249.9582548047643
    },
    "32": {
      "x": -111.25550313026189,
      "y": -247.8174025012046
    },
    "33": {
      "x": -15.115174168921873,
      "y": -246.36075907820796
    },
    "34": {
      "x": 39.878252218284565,
      "y": -247.45154097865242
    },
    "35": {
      "x": 72.67948403178563,
      "y": -245.69931657954965
    },
    "36": {
      "x": 107.4271081261334,
      "y": -245.50942927736736
    },
    "37": {
      "x": 143.45883289228948,
      "y": -239.61876407841135
    },
    "38": {
      "x": -313.94825628705905,
      "y": -215.38229032855727
    },
    "39": {
      "x": -12.917341825661627,
      "y": -189.4544185645138
    },
    "40": {
      "x": 158.48611580030862,
      "y": -172.31861490030127
    },
    "41": {
      "x": 198.8266572251637,
      "y": -185.2156714700362
    },
    "42": {
      "x": -293.2830482542762,
      "y": -146.77744794955248
    },
    "43": {
      "x": -0.8065777409801633,
      "y": -114.11444532557347
    },
    "44": {
      "x": -368.2910560468622,
      "y": -121.61750463250078
    },
    "45": {
      "x": -232.72363266334688,
      "y": -95.37546032931279
    },
    "46": {
      "x": -343.88325437697483,
      "y": -29.66709455334876
    },
    "47": {
      "x": -142.0617325803834,
      "y": -11.608358396988736
    },
    "48": {
      "x": 21.466204441637657,
      "y": -142.09239646361235
    },
    "49": {
      "x": -448.5571792786565,
      "y": -82.85265070741949
    },
    "50": {
      "x": -268.41178618432133,
      "y": 24.72691636832707
    },
    "51": {
      "x": -231.47668758799261,
      "y": 30.8684678410489
    },
    "52": {
      "x": -185.0348347733255,
      "y": 36.99039897304548
    },
    "53": {
      "x": -142.69307213759853,
      "y": 58.860575529738256
    }
  }
}