{
  "graph_settings": {
    "position": {
      "x": -325.7375854973264,
      "y": -109.9481075777605
    },
    "scale": 0.9801000000000002
  },
  "node_coordinates": {
    "1": {
      "x": -482.7791062816556,
      "y": -172.89469998764173
    },
    "2": {
      "x": -46.2386457444386,
      "y": -328.73605174040995
    },
    "3": {
      "x": -757.5269778455422,
      "y": -217.41223787771457
    },
    "4": {
      "x": -621.3013399015794,
      "y": -303.41771729700747
    },
    "5": {
      "x": -158.7460254662717,
      "y": -341.0719409105223
    },
    "6": {
      "x": -171.1022055729195,
      "y": -255.13613111173424
    },
    "7": {
      "x": -114.58283816826986,
      "y": -17.69726829936451
    },
    "8": {
      "x": 221.93350140654593,
      "y": -195.86976626239596
    },
    "9": {
      "x": -820.8239756928263,
      "y": -40.25036865853019
    },
    "10": {
      "x": -327.97231930179123,
      "y": -91.70996030437857
    },
    "11": {
      "x": 221.26037024420566,
      "y": -110.49764627831973
    },
    "12": {
      "x": 37.93960896438807,
      "y": -88.14109988846133
    },
    "13": {
      "x": -446.37454178038445,
      "y": -38.517612284202016
    },
    "14": {
      "x": -604.2498977434867,
      "y": -64.53625103967386
    },
    "15": {
      "x": -454.7072730471456,
      "y": -117.74255172485874
    },
    "16": {
      "x": -597.9624492292168,
      "y": -5.0445968681463
    },
    "17": {
      "x": -433.80760789759256,
      "y": 4.006401435353155
    },
    "18": {
      "x": -342.4198627158564,
      "y": 67.78299121169925
    },
    "19": {
      "x": -193.92710650521894,
      "y": 122.93102439946597
    }
  }
}