{
  "graph_settings": {
    "position": {
      "x": 172.62658930322738,
      "y": -42.834255527810505
    },
    "scale": 1.1979000000000004
  },
  "node_coordinates": {
    "1": {
      "x": 192.42667236757234,
      "y": 2.3463757253356334
    },
    "2": {
      "x": 152.31886252498384,
      "y": -188.34434879850645
    },
    "3": {
      "x": 361.58292878330155,
      "y": -88.54449543482542
    },
    "4": {
      "x": 517.441958023491,
      "y": -166.90198168541195
    },
    "5": {
      "x": 614.4837697625278,
      "y": -128.26462671288974
    },
    "6": {
      "x": -272.9753207996461,
      "y": -109.45504929381364
    },
    "7": {
      "x": 95.90592786534671,
      "y": -137.51650280309173
    },
    "8": {
      "x": 11.331823224901086,
      "y": 39.93759219287813
    },
    "9": {
      "x": -171.913957455591,
      "y": 33.54878531433866
    },
    "10": {
      "x": 443.8319948321391,
      "y": 88.2808737012324
    },
    "11": {
      "x": -113.58106609440016,
      "y": -117.0975343552062
    },
    "12": {
      "x": 115.45619715009701,
      "y": -26.35082814635939
    },
    "13": {
      "x": 16.19880914215196,
      "y": -89.59306419953884
    },
    "14": {
      "x": -73.19603014454026,
      "y": -44.171863004220256
    },
    "15": {
      "x": -168.69569432191958,
      "y": 145.84824828900537
    },
    "16": {
      "x": 91.37737836029817,
      "y": 189.30157330329325
    },
    "17": {
      "x": 456.0308752314102,
      "y": -276.37827924708586
    }
  }
}