{
  "graph_settings": {
    "position": {
      "x": 248.94359748303646,
      "y": 24.028161500635147
    },
    "scale": 1.0591661921299274
  },
  "node_coordinates": {
    "1": {
      "x": 587.8329685850788,
      "y": -147.99829347381313
    },
    "2": {
      "x": 731.3183568417679,
      "y": -73.92366339501622
    },
    "3": {
      "x": 416.5394820212514,
      "y": -195.55211106984692
    },
    "4": {
      "x": 233.88308562695707,
      "y": -167.28523820652353
    },
    "5": {
      "x": 403.89122076935934,
      "y": -69.80626137807623
    },
    "6": {
      "x": 79.54366062309884,
      "y": -128.3425917360694
    },
    "7": {
      "x": -186.752924871435,
      "y": -149.02136551386226
    },
    "8": {
      "x": 228.61219455182479,
      "y": -233.11100226766
    },
    "9": {
      "x": 610.9248671384054,
      "y": -5.923600402441467
    },
    "10": {
      "x": 123.51720097400624,
      "y": 113.89243456898237
    },
    "11": {
      "x": 593.8225344785034,
      "y": 178.31980346078208
    },
    "12": {
      "x": -169.26316420772474,
      "y": 41.00217662684408
    },
    "13": {
      "x": 291.25390847556093,
      "y": 104.3935112869238
    },
    "14": {
      "x": -170.9296237454531,
      "y": 139.11770134086913
    },
    "15": {
      "x": 424.955533785013,
      "y": 252.5980108951278
    },
    "16": {
      "x": 241.84583605978565,
      "y": 281.64847895643493
    },
    "17": {
      "x": 260.42599241003074,
      "y": 214.3426174467964
    },
    "18": {
      "x": -33.62271989619342,
      "y": 146.84614833840712
    },
    "19": {
      "x": 406.04654537322233,
      "y": 13.782065559551153
    },
    "20": {
      "x": -29.397780516948128,
      "y": -93.94821018830933
    },
    "21": {
      "x": 419.71271113236816,
      "y": 90.56565984998407
    },
    "22": {
      "x": -53.67712835221074,
      "y": -165.69524869480878
    },
    "23": {
      "x": 92.8417409517278,
      "y": -179.08372368732438
    }
  }
}