{
  "graph_settings": {
    "position": {
      "x": 100,
      "y": 0
    },
    "scale": 1.2
  },
  "node_coordinates": {
    "1": {
      "x": -47.179597664724916,
      "y": -17.476683757927706
    },
    "2": {
      "x": 261.0916011637874,
      "y": 19.907518588633188
    },
    "3": {
      "x": 112.44514388717545,
      "y": -26.218601846792048
    },
    "4": {
      "x": -72.17428376928713,
      "y": -90.66434310377959
    },
    "5": {
      "x": 52.21315441738085,
      "y": 117.91010002456707
    },
    "6": {
      "x": -122.65970372211568,
      "y": 103.0118188926803
    },
    "7": {
      "x": 166.43758384793924,
      "y": -157.5811476304029
    }
  }
}