{
  "graph_settings": {
    "position": {
      "x": -73.31061065986493,
      "y": -147.9999283929946
    },
    "scale": 1.1
  },
  "node_coordinates": {
    "1": {
      "x": -282.3134267740968,
      "y": -342.66502341185793
    },
    "2": {
      "x": 380.0107905425781,
      "y": -271.4219822635182
    },
    "3": {
      "x": -144.90763086230277,
      "y": -335.11586007752464
    },
    "4": {
      "x": 40.422946389268645,
      "y": 66.36161269852357
    },
    "5": {
      "x": -100.61908242147001,
      "y": -145.08975634763323
    },
    "6": {
      "x": -194.26525080606348,
      "y": -109.88577400027862
    },
    "7": {
      "x": -54.40054570889618,
      "y": -98.80228754257679
    },
    "8": {
      "x": 331.9755871921095,
      "y": -397.16068671183405
    },
    "9": {
      "x": 160.75249658173493,
      "y": -211.93800592596915
    },
    "10": {
      "x": -199.15911028389348,
      "y": -210.4858111505452
    },
    "11": {
      "x": 278.12840809216914,
      "y": -42.14364289663695
    },
    "12": {
      "x": 179.63408627066406,
      "y": -85.86091832601687
    },
    "13": {
      "x": -175.7272839014347,
      "y": -36.66960550463648
    },
    "14": {
      "x": 283.4804184042413,
      "y": 19.907408487932116
    },
    "15": {
      "x": -363.9078042460303,
      "y": -221.66541665342743
    },
    "16": {
      "x": -106.27151250962821,
      "y": 35.09817188456571
    },
    "17": {
      "x": -295.6139081014496,
      "y": 38.57801619921679
    },
    "18": {
      "x": 17.261396598703186,
      "y": -39.318531387783366
    },
    "19": {
      "x": 1.0069067217903631,
      "y": -165.98857020160895
    },
    "20": {
      "x": 296.1534969923365,
      "y": 88.69300450650678
    },
    "21": {
      "x": -535.6408754468421,
      "y": -167.23934219044367
    }
  }
}