{
  "graph_settings": {
    "position": {
      "x": -162.90509531676463,
      "y": -54.09934444744289
    },
    "scale": 0.9801000000000002
  },
  "node_coordinates": {
    "1": {
      "x": -711.2217181931484,
      "y": -67.92535211804511
    },
    "2": {
      "x": -694.6208043897234,
      "y": 139.25240414276135
    },
    "3": {
      "x": -632.982541620431,
      "y": 14.417794907263783
    },
    "4": {
      "x": 212.91254047584198,
      "y": 73.55267100923737
    },
    "5": {
      "x": 319.36345096110944,
      "y": 127.35861932359866
    },
    "6": {
      "x": -420.1703290125694,
      "y": -12.539037666025365
    },
    "7": {
      "x": -500.44050864870223,
      "y": -122.0754383605962
    },
    "8": {
      "x": 300.1712593793439,
      "y": -232.89392201387534
    },
    "9": {
      "x": 79.56212651268282,
      "y": -90.8245236910673
    },
    "10": {
      "x": -15.261915904054911,
      "y": 142.9898810001594
    },
    "11": {
      "x": -313.8188624117972,
      "y": -112.0971571334353
    },
    "12": {
      "x": 30.202869003367727,
      "y": 23.681001703649727
    },
    "13": {
      "x": 383.38317602868796,
      "y": -42.73754466790365
    },
    "14": {
      "x": -233.32360653989767,
      "y": -154.48652931728867
    },
    "15": {
      "x": -9.581745265863283,
      "y": -89.62666511896752
    },
    "16": {
      "x": -122.9913204887061,
      "y": -155.34530607674802
    },
    "17": {
      "x": -108.88859854024592,
      "y": -222.2722825237661
    }
  }
}