{
  "graph_settings": {
    "position": {
      "x": 465.92815773103064,
      "y": -57.10780182830943
    },
    "scale": 1.2977227062983097
  },
  "node_coordinates": {
    "1": {
      "x": 266.9550779657119,
      "y": -65.23454217414746
    },
    "2": {
      "x": 270.5598373912668,
      "y": 3.1394436509284107
    },
    "3": {
      "x": 416.8473940485777,
      "y": -15.027415183549365
    },
    "4": {
      "x": 560.4463413721459,
      "y": -30.014030259767754
    },
    "5": {
      "x": 572.4000229388213,
      "y": -183.33153297751556
    },
    "6": {
      "x": 406.4622392207213,
      "y": -235.02808689162845
    },
    "7": {
      "x": 410.72946219656643,
      "y": -62.83390453647476
    },
    "8": {
      "x": 413.57086837948935,
      "y": 130.04734990358577
    },
    "9": {
      "x": 581.3111787565497,
      "y": 148.368151168603
    },
    "10": {
      "x": 406.0608027047967,
      "y": -107.70354892174997
    },
    "11": {
      "x": 260.92268254087213,
      "y": -131.81808693737378
    },
    "12": {
      "x": 405.29768069083974,
      "y": -152.70694004142584
    },
    "13": {
      "x": 561.755545826089,
      "y": -267.98433428448686
    },
    "14": {
      "x": 696.3833791400449,
      "y": -216.6195946520436
    },
    "15": {
      "x": 411.00925838109737,
      "y": 90.69073478588419
    },
    "16": {
      "x": 413.66243744874066,
      "y": 50.75742860601156
    },
    "17": {
      "x": 573.4984832733768,
      "y": 52.03905532889644
    },
    "18": {
      "x": 415.3355938576722,
      "y": 16.62471733542567
    },
    "19": {
      "x": 726.2819085611252,
      "y": 147.32911662226286
    }
  }
}