{
  "graph_settings": {
    "position": {
      "x": -340.7149966087128,
      "y": -2.979425890926753
    },
    "scale": 0.9900000000000001
  },
  "node_coordinates": {
    "1": {
      "x": -860.7827279103763,
      "y": 24.83475979290546
    },
    "2": {
      "x": -769.6358493459422,
      "y": -152.30209333514287
    },
    "3": {
      "x": -695.5458797819101,
      "y": 200.73755692075952
    },
    "4": {
      "x": -718.654878973649,
      "y": -15.78051143254487
    },
    "5": {
      "x": -451.0668637954734,
      "y": 223.45884062087953
    },
    "6": {
      "x": -235.64209775166023,
      "y": -108.12403095876812
    },
    "7": {
      "x": 77.84313213606924,
      "y": -189.54564733559948
    },
    "8": {
      "x": 141.13057336479392,
      "y": 212.562391103822
    },
    "9": {
      "x": -28.42444684013435,
      "y": 83.69379997219471
    }
  }
}