{
  "graph_settings": {
    "position": {
      "x": -365.29053906859434,
      "y": 129.04422163789295
    },
    "scale": 1.6678895149529873
  },
  "node_coordinates": {
    "1": {
      "x": -130.99464480908517,
      "y": 188.27818254421175
    },
    "2": {
      "x": -229.16263760831578,
      "y": 103.98179994951312
    },
    "3": {
      "x": -336.40893684497667,
      "y": 244.9000796060325
    },
    "4": {
      "x": -343.2182198807623,
      "y": 188.85025462039238
    },
    "5": {
      "x": -411.757862779704,
      "y": 40.03975724486874
    },
    "6": {
      "x": -367.63912918330834,
      "y": 140.27552243999872
    },
    "7": {
      "x": -156.80468832582582,
      "y": 14.237251686135846
    },
    "8": {
      "x": -67.27975040597576,
      "y": 101.66878573189123
    },
    "9": {
      "x": -388.7029919029414,
      "y": 95.15507583357541
    },
    "10": {
      "x": -468.5470056411153,
      "y": 181.53131830805913
    },
    "11": {
      "x": -473.10153929563813,
      "y": 218.188217928036
    },
    "12": {
      "x": -455.66212021964367,
      "y": 135.34083587328624
    },
    "13": {
      "x": -672.6848286125309,
      "y": 252.8074643752409
    }
  }
}