{
  "graph_settings": {
    "position": {
      "x": -424.0611566377177,
      "y": 17.729179487661135
    },
    "scale": 1.0890000000000002
  },
  "node_coordinates": {
    "1": {
      "x": -876.833099901638,
      "y": -65.45188642973656
    },
    "2": {
      "x": -737.3640286164994,
      "y": -210.44671643048295
    },
    "3": {
      "x": -736.6784509269803,
      "y": -116.44262187488894
    },
    "4": {
      "x": -871.063468535424,
      "y": 213.23106739737153
    },
    "5": {
      "x": -688.967646134693,
      "y": 92.32558010858706
    },
    "6": {
      "x": -637.4920507719611,
      "y": 253.46925650402645
    },
    "7": {
      "x": -655.9132465119674,
      "y": 166.9514881826419
    },
    "8": {
      "x": -576.6123784742492,
      "y": 64.39653650522432
    },
    "9": {
      "x": -265.7714336602788,
      "y": 260.39885076654247
    },
    "10": {
      "x": -322.5324051032827,
      "y": 146.1706474509513
    },
    "11": {
      "x": -49.35358604495017,
      "y": -88.59806689534284
    },
    "12": {
      "x": -41.77067559029375,
      "y": 108.23610134164034
    },
    "13": {
      "x": -177.09168055031168,
      "y": -190.7604382840684
    }
  }
}