{
  "node_coordinates": {
    "1": {
      "x": 206.35917224370644,
      "y": -38.56079762712177
    },
    "2": {
      "x": 216.8620184111771,
      "y": 256.1736472361629
    },
    "3": {
      "x": 248.23391637748713,
      "y": -321.44699120419654
    },
    "4": {
      "x": 181.8680737158488,
      "y": -194.1069391348969
    },
    "5": {
      "x": 45.9882119228358,
      "y": -211.78983695585396
    },
    "6": {
      "x": -32.600101179042625,
      "y": -54.9351773015612
    },
    "7": {
      "x": -69.23146504809915,
      "y": 199.62758872531117
    },
    "8": {
      "x": 34.273483285406186,
      "y": 147.0035109435683
    },
    "9": {
      "x": 31.07432176298049,
      "y": -23.92183280812057
    },
    "10": {
      "x": -142.141338987326,
      "y": 80.18595268510036
    },
    "11": {
      "x": -92.96092833136271,
      "y": 325.5847001119734
    },
    "12": {
      "x": 28.857849067276597,
      "y": 323.4598856069203
    },
    "13": {
      "x": -206.87604418473924,
      "y": 222.45312041827333
    }
  },
  "graph_settings": {
    "position": {
      "x": 45.792496170710656,
      "y": 7.386142101737052
    },
    "scale": 0.8063823541204693
  }
}