{
  "graph_settings": {
    "position": {
      "x": -284.5645306395328,
      "y": -113.08958524245436
    },
    "scale": 0.9706686808177107
  },
  "node_coordinates": {
    "1": {
      "x": -752.2588834639839,
      "y": 60.83399490146761
    },
    "2": {
      "x": -225.45949405359397,
      "y": 25.20756110979496
    },
    "3": {
      "x": -786.9599204776279,
      "y": -152.78187388915248
    },
    "4": {
      "x": -691.6235711555797,
      "y": -180.32756550641952
    },
    "5": {
      "x": -611.2021371835825,
      "y": -214.30009389625963
    },
    "6": {
      "x": -513.3347998293982,
      "y": -240.8790470691724
    },
    "7": {
      "x": -402.0327836473976,
      "y": -58.56007064928791
    },
    "8": {
      "x": 240.79162637101308,
      "y": -118.94051440481057
    },
    "9": {
      "x": -366.11427716382485,
      "y": -246.55214189418675
    },
    "10": {
      "x": -231.40403780303637,
      "y": -235.7108725384239
    },
    "11": {
      "x": 36.56980399531503,
      "y": -207.50323145102536
    },
    "12": {
      "x": 135.4754480912553,
      "y": -190.55823454599644
    },
    "13": {
      "x": -94.89027331211449,
      "y": -225.3993833849422
    }
  }
}