{
  "graph_settings": {
    "position": {
      "x": -300.07603791007347,
      "y": 27.476181219946085
    },
    "scale": 0.9509900499000006
  },
  "node_coordinates": {
    "1": {
      "x": 274.1463179433997,
      "y": 43.94787703862879
    },
    "2": {
      "x": -867.3444588610374,
      "y": 12.609410083723219
    },
    "3": {
      "x": -638.9620998830497,
      "y": -221.57702907646888
    },
    "4": {
      "x": -169.0220915584029,
      "y": -175.5459272764382
    },
    "5": {
      "x": -314.14071239742634,
      "y": -60.97466577002262
    },
    "6": {
      "x": -152.19182936625245,
      "y": -66.20300377289169
    },
    "7": {
      "x": -740.7690359520311,
      "y": 121.32989187379765
    },
    "8": {
      "x": -773.6679893533894,
      "y": 251.53111448248774
    },
    "9": {
      "x": -395.43810939413805,
      "y": -17.751452414088853
    },
    "10": {
      "x": -567.7568214637545,
      "y": -56.2198746015679
    },
    "11": {
      "x": 18.6040842742088,
      "y": -28.576921395814445
    },
    "12": {
      "x": -423.15772643345076,
      "y": -75.55723581958142
    },
    "13": {
      "x": 33.091364513789316,
      "y": -122.64284674335528
    },
    "14": {
      "x": 23.488630528682638,
      "y": -71.10162673602282
    }
  }
}