{
  "graph_settings": {
    "position": {
      "x": -158.9920546085128,
      "y": -45.38004643619799
    },
    "scale": 1.291467969000001
  },
  "node_coordinates": {
    "1": {
      "x": -509.93442979271254,
      "y": -103.55474724577675
    },
    "2": {
      "x": -511.02934390745213,
      "y": -15.792506417916229
    },
    "3": {
      "x": -499.92324114767314,
      "y": 70.68971890017639
    },
    "4": {
      "x": -484.8728884793566,
      "y": 154.8047636274199
    },
    "5": {
      "x": -328.77331437073894,
      "y": -201.55862002633094
    },
    "6": {
      "x": -275.23027329833735,
      "y": -56.94283747524207
    },
    "7": {
      "x": -313.99096479291654,
      "y": 64.2706715513965
    },
    "8": {
      "x": -225.66388306227384,
      "y": -195.11702396473615
    },
    "9": {
      "x": 13.73037478103528,
      "y": -264.9554795079815
    },
    "10": {
      "x": -59.43166537679173,
      "y": -52.203469838182656
    },
    "11": {
      "x": -67.83258788935129,
      "y": -154.09227086980056
    },
    "12": {
      "x": 234.22613232470553,
      "y": -157.86081460131666
    }
  }
}