{
  "graph_settings": {
    "position": {
      "x": -212.9797967015972,
      "y": -54.73637101154988
    },
    "scale": 0.9931860140721653
  },
  "node_coordinates": {
    "1": {
      "x": -726.0713218549363,
      "y": -42.92120708880807
    },
    "2": {
      "x": -618.9849635042101,
      "y": 172.18174373862422
    },
    "3": {
      "x": -704.3184038003225,
      "y": -159.6488324671838
    },
    "4": {
      "x": -607.944564877586,
      "y": -241.198651438641
    },
    "5": {
      "x": -599.6462595699223,
      "y": -111.50108731288948
    },
    "6": {
      "x": -611.8840286164287,
      "y": -39.520692512893255
    },
    "7": {
      "x": -629.7108570228829,
      "y": 30.02980634517693
    },
    "8": {
      "x": -544.2300191751184,
      "y": 66.33186709086728
    },
    "9": {
      "x": -460.181127639552,
      "y": -58.7430843434635
    },
    "10": {
      "x": -292.59918942502634,
      "y": 95.80534811398597
    },
    "11": {
      "x": -495.6429746896735,
      "y": -173.5594720100251
    },
    "12": {
      "x": -300.3039299311278,
      "y": -311.5222023843794
    },
    "13": {
      "x": -357.7279859163062,
      "y": -210.81869095135343
    },
    "14": {
      "x": -106.97096585616413,
      "y": -90.18856379586377
    },
    "15": {
      "x": -152.84554357944612,
      "y": -214.54224460325418
    },
    "16": {
      "x": 50.15607556429777,
      "y": -118.77371466984061
    },
    "17": {
      "x": -155.66138045498644,
      "y": 42.32635529355453
    },
    "18": {
      "x": -59.80623461560761,
      "y": -17.446903180445684
    },
    "19": {
      "x": 110.92016238270024,
      "y": 7.262519459611278
    },
    "20": {
      "x": 43.61164228974125,
      "y": 47.99460079755458
    },
    "21": {
      "x": -69.45679819960297,
      "y": -293.75978799456243
    },
    "22": {
      "x": 293.09219049877095,
      "y": -16.007988551267427
    },
    "23": {
      "x": -328.25193963589356,
      "y": -171.3599628180231
    }
  }
}