{
  "graph_settings": {
    "position": {
      "x": 221.32788346977168,
      "y": -41.48577125753609
    },
    "scale": 1.1
  },
  "node_coordinates": {
    "1": {
      "x": 20.409590474681977,
      "y": -144.10730149404588
    },
    "2": {
      "x": 691.2669721738781,
      "y": -74.67829113586197
    },
    "3": {
      "x": -18.240450956490804,
      "y": 122.48172280874462
    },
    "4": {
      "x": -128.0834245955387,
      "y": -174.60286375689608
    },
    "5": {
      "x": 127.51131073354168,
      "y": -138.99078958324105
    },
    "6": {
      "x": -228.18559184238643,
      "y": 56.40650386707898
    },
    "7": {
      "x": 432.76851341862937,
      "y": 113.10849950034833
    },
    "8": {
      "x": -237.1569065249,
      "y": -102.38782073288633
    },
    "9": {
      "x": 474.2068096940293,
      "y": -105.97954276531277
    },
    "10": {
      "x": 339.38583905151904,
      "y": 46.929873627634095
    },
    "11": {
      "x": 512.2262187989006,
      "y": 117.05422676818421
    },
    "12": {
      "x": 703.0278379599546,
      "y": 35.69380526001481
    },
    "13": {
      "x": -32.14923682281585,
      "y": -12.021987689772914
    },
    "14": {
      "x": 100.82929216715297,
      "y": -10.06737447127432
    },
    "15": {
      "x": 283.2492254733464,
      "y": -35.0369679122839
    }
  }
}