{
  "graph_settings": {
    "position": {
      "x": -232.24600800377488,
      "y": -143.86961049553142
    },
    "scale": 0.9900000000000001
  },
  "node_coordinates": {
    "1": {
      "x": -615.4737925914869,
      "y": -100.27521377197922
    },
    "2": {
      "x": -352.91394927308716,
      "y": -173.12084049206362
    },
    "3": {
      "x": -377.5809647384908,
      "y": -111.6078334502352
    },
    "4": {
      "x": 111.65557707846995,
      "y": -190.11211565568937
    },
    "5": {
      "x": -702.3735971010074,
      "y": 77.1923648857321
    },
    "6": {
      "x": -456.56751073848636,
      "y": 16.13130035416276
    },
    "7": {
      "x": -265.5388861860215,
      "y": -82.1057792475952
    },
    "8": {
      "x": -26.88436167836926,
      "y": -51.03391869061869
    },
    "9": {
      "x": 291.3502510945209,
      "y": -127.40657589228374
    },
    "10": {
      "x": 154.7480699942306,
      "y": -10.435552597640594
    },
    "11": {
      "x": 43.545173821924436,
      "y": -298.28556726456645
    },
    "12": {
      "x": -424.932364387083,
      "y": -224.14883409651907
    },
    "13": {
      "x": -126.97061865197088,
      "y": -241.3678457038941
    },
    "14": {
      "x": -413.1945355347847,
      "y": -346.6607732949658
    },
    "15": {
      "x": -122.18123543035426,
      "y": 63.91171333844858
    }
  }
}