{
  "graph_settings": {
    "position": {
      "x": 500.337042961991,
      "y": 57.041948502510046
    },
    "scale": 2.5937424601000023
  },
  "node_coordinates": {
    "1": {
      "x": 326.06825532287144,
      "y": 58.14812441142442
    },
    "2": {
      "x": 329.8505030094959,
      "y": 99.55345130609271
    },
    "3": {
      "x": 336.370731359126,
      "y": 21.850803903656924
    },
    "4": {
      "x": 451.6801741122242,
      "y": 107.09962092573298
    },
    "5": {
      "x": 442.8475522478622,
      "y": -6.4048892028182465
    },
    "6": {
      "x": 440.3221535066756,
      "y": 59.53517150419133
    },
    "7": {
      "x": 559.0385284222339,
      "y": 101.2989239014238
    },
    "8": {
      "x": 559.927992062544,
      "y": -11.031337922271442
    },
    "9": {
      "x": 560.0468234241341,
      "y": 44.923407280008064
    },
    "10": {
      "x": 678.9396779057997,
      "y": 49.108836480602065
    }
  }
}