{
  "graph_settings": {
    "position": {
      "x": 50,
      "y": -120
    },
    "scale": 0.8
  },
  "node_coordinates": {
    "1": {
      "x": -395.17422147710676,
      "y": -187.70013680789967
    },
    "2": {
      "x": -499.81458165733153,
      "y": -86.79457714775312
    },
    "3": {
      "x": -446.1042994508814,
      "y": 12.72874406449309
    },
    "4": {
      "x": -368.0181457755615,
      "y": -343.619710917201
    },
    "5": {
      "x": -310.990450789705,
      "y": -279.51049813491096
    },
    "6": {
      "x": -254.82497138634727,
      "y": -231.31219567764168
    },
    "7": {
      "x": -324.8632004152805,
      "y": -126.02561060084277
    },
    "8": {
      "x": -103.10601166171418,
      "y": -431.19584935791767
    },
    "9": {
      "x": -159.98537826402784,
      "y": -140.980932082465
    },
    "10": {
      "x": -101.33215729716424,
      "y": -54.497578512455355
    },
    "11": {
      "x": -331.53232426174134,
      "y": 3.6879696019789296
    },
    "12": {
      "x": 43.71541645967843,
      "y": -236.58505971717628
    },
    "13": {
      "x": -30.92382507004132,
      "y": -184.1166387051167
    },
    "14": {
      "x": -23.74431865599414,
      "y": -23.957165256428244
    },
    "15": {
      "x": -101.03843903144934,
      "y": -6.947046514069871
    },
    "16": {
      "x": -169.404192893598,
      "y": 85.18730626850851
    },
    "17": {
      "x": 44.689040347858324,
      "y": -382.54108520921477
    },
    "18": {
      "x": 73.43726936017062,
      "y": -309.580073661272
    },
    "19": {
      "x": 182.42936497180452,
      "y": -350.5705967004621
    },
    "20": {
      "x": 4.5851635218906,
      "y": -111.11856521830576
    },
    "21": {
      "x": 143.74140082023948,
      "y": -53.37610053282522
    },
    "22": {
      "x": 212.7155280329613,
      "y": 46.74653789260846
    },
    "23": {
      "x": 78.0516885716766,
      "y": -124.56994758511155
    },
    "24": {
      "x": 297.3166239490848,
      "y": -290.2809251210681
    },
    "25": {
      "x": 238.58368052767437,
      "y": -196.20559072689994
    },
    "26": {
      "x": 243.91314180794188,
      "y": -150.7819867525479
    },
    "27": {
      "x": 324.901438363536,
      "y": -32.34359839783255
    },
    "28": {
      "x": -198.8639194483525,
      "y": 240.01835844296428
    },
    "29": {
      "x": 344.798368382171,
      "y": -180.68229326097745
    },
    "30": {
      "x": 472.26399895967734,
      "y": -70.27481687666182
    },
    "31": {
      "x": -323.68522076743426,
      "y": -39.709608311863434
    }
  }
}