{
  "graph_settings": {
    "position": {
      "x": 40.382121045954364,
      "y": -49.810387934281664
    },
    "scale": 0.6771421960573383
  },
  "node_coordinates": {
    "1": {
      "x": -675.6186302552439,
      "y": -159.35046459278817
    },
    "2": {
      "x": -713.1112442509243,
      "y": 141.98900161069224
    },
    "3": {
      "x": -586.1502828520322,
      "y": 215.06772472903657
    },
    "4": {
      "x": -461.90783108592933,
      "y": -267.47044310532846
    },
    "5": {
      "x": -439.6980559276971,
      "y": -191.04469762552748
    },
    "6": {
      "x": -463.4921907188713,
      "y": -110.85416451204685
    },
    "7": {
      "x": -489.1057369389544,
      "y": 14.077418115128534
    },
    "8": {
      "x": -51.78579524328332,
      "y": -331.73247200887147
    },
    "9": {
      "x": -237.95397962802392,
      "y": -113.26813555504201
    },
    "10": {
      "x": -330.64700856203257,
      "y": 1.402057441168499
    },
    "11": {
      "x": -425.4885026124728,
      "y": 156.96848633745225
    },
    "12": {
      "x": 96.01782702418681,
      "y": -231.36301792500174
    },
    "13": {
      "x": -97.41765416880689,
      "y": 40.264733361172446
    },
    "14": {
      "x": -101.13481211768215,
      "y": -76.72688527527662
    },
    "15": {
      "x": -185.0506922892308,
      "y": 16.16676264154977
    },
    "16": {
      "x": -316.214887963672,
      "y": 64.38197425125911
    },
    "17": {
      "x": 51.12633805005889,
      "y": -359.8905221566622
    },
    "18": {
      "x": 198.39680884799887,
      "y": -269.84991356139534
    },
    "19": {
      "x": 337.3051705060844,
      "y": -305.11261786042485
    },
    "20": {
      "x": 99.95621431244528,
      "y": -99.36768143747969
    },
    "21": {
      "x": 246.11607116017072,
      "y": -1.4021620347522483
    },
    "22": {
      "x": 256.3236395433712,
      "y": 59.594352111444
    },
    "23": {
      "x": 326.382318362717,
      "y": -69.73368143582708
    },
    "24": {
      "x": 479.73607301576754,
      "y": -263.26590821303296
    },
    "25": {
      "x": 447.07080352771857,
      "y": -173.51301783724955
    },
    "26": {
      "x": 449.62521035165497,
      "y": -94.2663023567365
    },
    "27": {
      "x": 378.59663865139055,
      "y": 48.43170650231652
    },
    "28": {
      "x": 321.9260690094286,
      "y": 171.81407664968626
    },
    "29": {
      "x": 589.624216447001,
      "y": -71.903733131813
    },
    "30": {
      "x": 793.3365853638958,
      "y": -56.868719041184015
    },
    "31": {
      "x": -519.1500689767807,
      "y": -18.337761722633577
    }
  }
}