{
  "graph_settings": {
    "position": {
      "x": -212.48215856719224,
      "y": 24.98886930569362
    },
    "scale": 0.9145186983671949
  },
  "node_coordinates": {
    "1": {
      "x": -681.9429036324105,
      "y": 326.0549672431594
    },
    "2": {
      "x": 3.154504783280615,
      "y": 196.81074450922767
    },
    "3": {
      "x": -479.0181351001166,
      "y": -87.23566187178471
    },
    "4": {
      "x": -475.1051758426245,
      "y": -264.8100030147251
    },
    "5": {
      "x": -478.42149118666697,
      "y": -40.566513741635774
    },
    "6": {
      "x": -276.931419454331,
      "y": -277.39729552612357
    },
    "7": {
      "x": -346.4343336587082,
      "y": 213.51421871675535
    },
    "8": {
      "x": 293.0345703817341,
      "y": 258.20306542827353
    },
    "9": {
      "x": -341.5358256521796,
      "y": -44.71855514893174
    },
    "10": {
      "x": -109.31291555588419,
      "y": -146.2615170228105
    },
    "11": {
      "x": -339.32383401626726,
      "y": -83.96247041601131
    },
    "12": {
      "x": -473.24141024323376,
      "y": 4.775325618729974
    },
    "13": {
      "x": -369.22856244539577,
      "y": 296.6800024598461
    },
    "14": {
      "x": -340.0167517591968,
      "y": 132.9117464366633
    },
    "15": {
      "x": -343.2982147016531,
      "y": 38.666398127838946
    },
    "16": {
      "x": -331.0428327808051,
      "y": -123.46713086336172
    },
    "17": {
      "x": -345.03255919659034,
      "y": -2.1341148907831426
    },
    "18": {
      "x": -0.7710529828158595,
      "y": -128.80249442425986
    },
    "19": {
      "x": 93.83223287622127,
      "y": -70.09544464824663
    },
    "20": {
      "x": 185.8058169991278,
      "y": 10.336721892560439
    },
    "21": {
      "x": -79.50212581572569,
      "y": 7.213559273708398
    },
    "22": {
      "x": -343.4353951655499,
      "y": 85.9567532324518
    },
    "23": {
      "x": -5.940873338276816,
      "y": 49.20087919737204
    }
  }
}