{
  "graph_settings": {
    "position": {
      "x": -164.63532239289046,
      "y": 31.620151162239015
    },
    "scale": 1.4206147659000012
  },
  "node_coordinates": {
    "1": {
      "x": -504.5345052080422,
      "y": 23.860746767988434
    },
    "2": {
      "x": -284.28481197337373,
      "y": 98.3532938861178
    },
    "3": {
      "x": -209.51773726837632,
      "y": -115.06943871007536
    },
    "4": {
      "x": -115.3703491247821,
      "y": 36.00504857587124
    },
    "5": {
      "x": -66.6838119250833,
      "y": 174.8712392267429
    },
    "6": {
      "x": -234.3979375164257,
      "y": 171.4086734115036
    },
    "7": {
      "x": 42.3149293419185,
      "y": 44.278812979160634
    },
    "8": {
      "x": 186.55218066340157,
      "y": -12.702231376003034
    }
  }
}