{
  "graph_settings": {
    "position": {
      "x": 32.993093900414564,
      "y": 7.344552810264133
    },
    "scale": 0.7587674139232192
  },
  "node_coordinates": {
    "1": {
      "x": -89.32372740641826,
      "y": -250.9098232652739
    },
    "2": {
      "x": -77.71709031049078,
      "y": -88.19341646306736
    },
    "3": {
      "x": -235.20086887911197,
      "y": -360.1308834806956
    },
    "4": {
      "x": -161.27201164088234,
      "y": 2.9600135949265187
    },
    "5": {
      "x": -287.3788517109532,
      "y": 164.8848956706805
    },
    "6": {
      "x": -6.510156058787411,
      "y": 74.36664183741894
    },
    "7": {
      "x": 158.42056175740424,
      "y": -104.10230530407887
    },
    "8": {
      "x": 219.4611719724951,
      "y": 293.91464305019036
    },
    "9": {
      "x": 80.3642619954974,
      "y": 390.93705607326103
    },
    "10": {
      "x": 235.39499878675142,
      "y": 13.587501468534496
    },
    "11": {
      "x": 329.3655307871703,
      "y": -60.255598826323386
    },
    "12": {
      "x": -11.066419295224492,
      "y": 217.92502432353112
    },
    "13": {
      "x": 254.75905701832738,
      "y": 146.29765540259157
    },
    "14": {
      "x": 86.72876995826633,
      "y": 18.69947122811351
    }
  }
}