{
  "graph_settings": {
    "position": {
      "x": -174.29294905924638,
      "y": 17.517651053284553
    },
    "scale": 1.0890000000000002
  },
  "node_coordinates": {
    "1": {
      "x": -379.47483017760794,
      "y": 2.9743148193612114
    },
    "2": {
      "x": -59.495306074449445,
      "y": 79.90680570164136
    },
    "3": {
      "x": -201.53174752274327,
      "y": -2.308088074029172
    },
    "4": {
      "x": -24.375401191382064,
      "y": -172.39186882308258
    },
    "5": {
      "x": -87.4701329291297,
      "y": -65.7604632495599
    },
    "6": {
      "x": -598.828071416842,
      "y": 194.72472770756093
    },
    "7": {
      "x": -426.3821047474145,
      "y": 192.61810818013078
    },
    "8": {
      "x": -407.60681028906833,
      "y": -98.8922583597107
    },
    "9": {
      "x": 257.0150637305732,
      "y": -21.22866672587186
    },
    "10": {
      "x": 103.32922317793032,
      "y": -29.549405768523627
    },
    "11": {
      "x": -24.788315421501352,
      "y": 180.53070969414057
    },
    "12": {
      "x": 114.6553863922586,
      "y": 80.6391479977463
    }
  }
}