{
  "graph_settings": {
    "position": {
      "x": -206.33117968674682,
      "y": -39.529593583825886
    },
    "scale": 0.8262977137623859
  },
  "node_coordinates": {
    "1": {
      "x": -791.7787751846496,
      "y": 139.19654473164252
    },
    "2": {
      "x": -644.4256654411464,
      "y": 130.5824520757439
    },
    "3": {
      "x": -637.1685791462049,
      "y": -71.50488823973373
    },
    "4": {
      "x": 83.86239527609897,
      "y": 198.01319759338472
    },
    "5": {
      "x": 81.64068558342717,
      "y": 139.84428421141897
    },
    "6": {
      "x": 383.5962119381291,
      "y": 73.04871491851043
    },
    "7": {
      "x": -537.4448514262846,
      "y": 15.829044316594816
    },
    "8": {
      "x": -360.4266723472455,
      "y": -183.17490159468724
    },
    "9": {
      "x": 72.45670048204639,
      "y": -299.65664943479385
    },
    "10": {
      "x": -132.30661158872053,
      "y": -79.98530977396912
    },
    "11": {
      "x": -323.0082940725379,
      "y": 18.820016308186666
    },
    "12": {
      "x": 141.81310329816176,
      "y": -119.46426691704524
    },
    "13": {
      "x": -86.58401497897448,
      "y": 18.458744268466926
    },
    "14": {
      "x": 89.36462379608336,
      "y": 17.381544309205015
    }
  }
}