{
  "graph_settings": {
    "position": {
      "x": -40.33703246732772,
      "y": -92.7283446441027
    },
    "scale": 1.4641000000000006
  },
  "node_coordinates": {
    "1": {
      "x": -374.45249171239254,
      "y": -57.151909397052464
    },
    "2": {
      "x": -230.30320489676444,
      "y": -93.20171864446542
    },
    "3": {
      "x": -52.54997284081719,
      "y": -227.8831961447587
    },
    "4": {
      "x": -112.17511506663493,
      "y": -35.18538913915506
    },
    "5": {
      "x": 4.009722617938564,
      "y": -113.80710068631691
    },
    "6": {
      "x": -77.83813703630949,
      "y": 27.492056255847217
    },
    "7": {
      "x": 140.83696665139644,
      "y": -14.65253595636807
    },
    "8": {
      "x": 288.9246133886495,
      "y": -190.1389497801954
    }
  }
}