{
  "graph_settings": {
    "position": {
      "x": 280.80064588978763,
      "y": -297.793919743898
    },
    "scale": 0.734297798332864
  },
  "node_coordinates": {
    "1": {
      "x": -342.25414619165974,
      "y": -612.531862116399
    },
    "2": {
      "x": 432.5637052662999,
      "y": -618.4207911817781
    },
    "3": {
      "x": 750.9270048951298,
      "y": -584.0321062682959
    },
    "4": {
      "x": 920.9570790473416,
      "y": -595.2949143610547
    },
    "5": {
      "x": -336.6328554350756,
      "y": -515.08368048481
    },
    "6": {
      "x": -272.9718793041836,
      "y": -526.4037898749026
    },
    "7": {
      "x": -180.8397067843291,
      "y": -527.9175164434535
    },
    "8": {
      "x": 42.13777034832523,
      "y": -533.6913549597687
    },
    "9": {
      "x": 286.07594092376655,
      "y": -537.1623631350874
    },
    "10": {
      "x": 441.68079637709803,
      "y": -521.2036013663073
    },
    "11": {
      "x": 677.831473896017,
      "y": -485.5230006931125
    },
    "12": {
      "x": 747.4889371175134,
      "y": -479.03659389302265
    },
    "13": {
      "x": 816.3651927872618,
      "y": -472.626280341015
    },
    "14": {
      "x": 876.2905100135076,
      "y": -470.3918061862411
    },
    "15": {
      "x": 936.194873291987,
      "y": -465.8396365142754
    },
    "16": {
      "x": -249.28946954989988,
      "y": -416.77166542892724
    },
    "17": {
      "x": -164.89212959933252,
      "y": -414.2773797168635
    },
    "18": {
      "x": -106.23823234847744,
      "y": -415.43938804712326
    },
    "19": {
      "x": 105.0248571180168,
      "y": -399.08418994058087
    },
    "20": {
      "x": 231.50663620321959,
      "y": -407.65978608194223
    },
    "21": {
      "x": 302.99091418607424,
      "y": -402.4134466056086
    },
    "22": {
      "x": 372.9387051084593,
      "y": -402.1654488320748
    },
    "23": {
      "x": 515.2837309280601,
      "y": -389.4079776923042
    },
    "24": {
      "x": 556.1693842709793,
      "y": -387.0237723426115
    },
    "25": {
      "x": 603.0232249917343,
      "y": -385.49284070922346
    },
    "26": {
      "x": 653.9792307357245,
      "y": -386.5831955552672
    },
    "27": {
      "x": 709.0432934359326,
      "y": -389.8657366697945
    },
    "28": {
      "x": 771.0782949609999,
      "y": -381.1062810385953
    },
    "29": {
      "x": 823.227652413879,
      "y": -382.9016840985638
    },
    "30": {
      "x": 931.24591468548,
      "y": -270.6874612323371
    },
    "31": {
      "x": -77.69658389591285,
      "y": -49.973845926319235
    },
    "32": {
      "x": 380.98292707968204,
      "y": -305.404730900051
    },
    "33": {
      "x": 566.3599542544027,
      "y": -281.42511871297637
    },
    "34": {
      "x": 608.8290636085937,
      "y": -289.5685399509578
    },
    "35": {
      "x": 656.2918392838819,
      "y": -291.06660853479326
    },
    "36": {
      "x": 705.1517220616012,
      "y": -291.6742355694967
    },
    "37": {
      "x": 771.9152595955773,
      "y": -298.88028370733895
    },
    "38": {
      "x": -126.23499282316502,
      "y": -308.5642136381219
    },
    "39": {
      "x": 447.3049414505487,
      "y": -224.71181493072416
    },
    "40": {
      "x": 775.9789461670241,
      "y": -225.95182255925766
    },
    "41": {
      "x": 840.9752145837526,
      "y": -238.8949710031779
    },
    "42": {
      "x": -163.72013161064447,
      "y": -203.70479464889164
    },
    "43": {
      "x": 486.72431445283723,
      "y": -105.74010159689324
    },
    "44": {
      "x": -196.90357393933917,
      "y": -118.83930739206616
    },
    "45": {
      "x": -79.40183619334927,
      "y": -128.06374316828885
    },
    "46": {
      "x": -349.47690187130473,
      "y": -57.25756673714492
    },
    "47": {
      "x": 40.61794510162386,
      "y": -0.7732763912594307
    },
    "48": {
      "x": 69.83057560165915,
      "y": -118.28774626918751
    },
    "49": {
      "x": -445.74279832451566,
      "y": -198.53169065622203
    },
    "50": {
      "x": -264.3802332745957,
      "y": 22.67336672551795
    },
    "51": {
      "x": -186.37282674048356,
      "y": 35.18038535824285
    },
    "52": {
      "x": -112.44545917883495,
      "y": 45.33674296072635
    },
    "53": {
      "x": -39.65074884612076,
      "y": 55.654708394164736
    }
  }
}