{
  "graph_settings": {
    "position": {
      "x": 36.54958712756214,
      "y": 31.358072126749953
    },
    "scale": 1.1
  },
  "node_coordinates": {
    "1": {
      "x": -275.7689044837242,
      "y": 220.75064862960858
    },
    "2": {
      "x": -428.6132786853327,
      "y": -161.4329619819223
    },
    "3": {
      "x": 181.98523248436754,
      "y": -140.3135339056209
    },
    "4": {
      "x": -300.21921749993464,
      "y": 30.271354803609142
    },
    "5": {
      "x": -26.2774039875884,
      "y": -5.333213158251965
    },
    "6": {
      "x": -241.22850227905087,
      "y": 271.1491062354221
    },
    "7": {
      "x": -293.39022290929057,
      "y": -120.7949771460842
    },
    "8": {
      "x": -300.1262265818367,
      "y": -40.05033629827739
    },
    "9": {
      "x": -298.28369062699505,
      "y": 159.73124217549218
    },
    "10": {
      "x": 486.166801313771,
      "y": -5.9316211726383585
    }
  }
}