{
  "graph_settings": {
    "position": {
      "x": 415.8201642083758,
      "y": -13.59401168266981
    },
    "scale": 0.7251763211529592
  },
  "node_coordinates": {
    "1": {
      "x": 743.1714608416753,
      "y": -16.330472496338366
    },
    "2": {
      "x": 493.1087669959336,
      "y": -51.55119631644538
    },
    "3": {
      "x": 377.846767797861,
      "y": -76.04697044440046
    },
    "4": {
      "x": -231.98669580922663,
      "y": 20.08970412390114
    },
    "5": {
      "x": 645.8004702886052,
      "y": -17.95732821959963
    },
    "6": {
      "x": 849.3674699497724,
      "y": -6.597397152214128
    },
    "7": {
      "x": 58.718485039830284,
      "y": -213.08756936870748
    },
    "8": {
      "x": 70.00445077972242,
      "y": -114.50226908403457
    },
    "9": {
      "x": -234.5122234866324,
      "y": -41.27106914073825
    },
    "10": {
      "x": -52.65108938219965,
      "y": 63.21850745273671
    },
    "11": {
      "x": -343.0489413667032,
      "y": -136.80692056167013
    },
    "12": {
      "x": -186.14984745907213,
      "y": -93.85819160081098
    },
    "13": {
      "x": 559.2672098763421,
      "y": -23.59462345852759
    },
    "14": {
      "x": 962.566291162695,
      "y": -7.159669344885507
    },
    "15": {
      "x": 1064.3801151279833,
      "y": 20.36021546367562
    },
    "16": {
      "x": 1169.698352162381,
      "y": 23.347212348808867
    },
    "17": {
      "x": 120.84550155342274,
      "y": 203.66843671843583
    },
    "18": {
      "x": 489.73138578353047,
      "y": 86.20926371887677
    },
    "19": {
      "x": 391.3053290949969,
      "y": 17.24462812840975
    },
    "20": {
      "x": 404.50516644812905,
      "y": 183.1397427133437
    },
    "21": {
      "x": 240.67361287854416,
      "y": 190.68558046777585
    },
    "22": {
      "x": 996.1437512070512,
      "y": 194.6986217535387
    },
    "23": {
      "x": 401.94190724909174,
      "y": 109.78525330821175
    },
    "24": {
      "x": 243.26189583048702,
      "y": 144.37421067555945
    },
    "25": {
      "x": 154.4386311198963,
      "y": 87.83212721754931
    },
    "26": {
      "x": 162.28088920829936,
      "y": -38.10096758272185
    },
    "27": {
      "x": 864.6721497025253,
      "y": 199.294820584988
    }
  }
}