{
  "graph_settings": {
    "position": {
      "x": -366.71168118476885,
      "y": -73.53967169929518
    },
    "scale": 1.2100000000000002
  },
  "node_coordinates": {
    "1": {
      "x": 81.8614880230416,
      "y": 6.252691274550955
    },
    "2": {
      "x": -556.911887619236,
      "y": 154.67728127212285
    },
    "3": {
      "x": -167.4272052365552,
      "y": -246.52979103708117
    },
    "4": {
      "x": -391.28527940487936,
      "y": 139.38433193601145
    },
    "5": {
      "x": -411.13844522489364,
      "y": 27.29819811073378
    },
    "6": {
      "x": -180.43435085397994,
      "y": -25.643426490674074
    },
    "7": {
      "x": -454.8489584117124,
      "y": -246.77610344790492
    },
    "8": {
      "x": -427.58076594101874,
      "y": -169.11388842283964
    },
    "9": {
      "x": -620.8310735533828,
      "y": 21.839573833473082
    },
    "10": {
      "x": -820.8296572463014,
      "y": -156.28802688783827
    }
  }
}