{
    "12": 0.23589846735844,
    "10": 0.14122518904036,
    "3": 0.13740373653601,
    "11": 0.12924334171849,
    "5": 0.11287033105923998,
    "1": 0.081952230529,
    "4": 0.06284843427681001,
    "9": 0.040911656115690004,
    "2": 0.03869222757156,
    "7": 0.009369968961959999,
    "8": 0.005606115875999999,
    "6": 0.00397837993536
}