{
  "1": 0.358949,
  "3": 0.140679,
  "9": 0.099517,
  "5": 0.085643,
  "11": 0.08315,
  "10": 0.06023,
  "12": 0.054286,
  "2": 0.049457,
  "8": 0.024555,
  "4": 0.020891,
  "6": 0.017425,
  "7": 0.005217
}