{
  "7": 0.344339,
  "5": 0.294785,
  "6": 0.070515,
  "12": 0.060183,
  "18": 0.038885,
  "17": 0.038265,
  "11": 0.032292,
  "16": 0.026211,
  "8": 0.019316,
  "3": 0.018653,
  "10": 0.016205,
  "9": 0.013598,
  "4": 0.007959,
  "1": 0.007393,
  "19": 0.003887,
  "2": 0.003358,
  "15": 0.002096,
  "14": 0.001449,
  "13": 0.000611
}