{
    "8": 0.23128404640000003,
    "6": 0.20702654700289,
    "11": 0.17399343247503998,
    "7": 0.17284739730064,
    "5": 0.066141038041,
    "12": 0.06606575746276,
    "10": 0.05535799597583999,
    "18": 0.012700839204000001,
    "17": 0.004478219480250001,
    "15": 0.00362555719876,
    "16": 0.00218004014281,
    "3": 0.00155143817689,
    "9": 0.0011309365443599997,
    "4": 0.0006619557122500001,
    "19": 0.000652598116,
    "13": 0.00019270437123999998,
    "2": 8.3649316e-05,
    "14": 1.7281480410000002e-05,
    "1": 8.724934439999999e-06
}