{
    "17": 0.19524238053376,
    "2": 0.15087172776840999,
    "3": 0.13601875077184,
    "4": 0.12855788737009002,
    "5": 0.11723885568255998,
    "1": 0.11588393813928999,
    "10": 0.10734718326544,
    "6": 0.01838548876761,
    "11": 0.01036570370641,
    "7": 0.006812884616039999,
    "13": 0.004514012344959999,
    "16": 0.0037166336816400005,
    "15": 0.003632111289,
    "14": 0.0008476948710400001,
    "12": 0.00028448219555999996,
    "8": 0.00027827577856,
    "9": 1.9681284099999998e-06
}