{
  "6": 0.236411,
  "1": 0.118786,
  "3": 0.106963,
  "11": 0.096491,
  "2": 0.084066,
  "4": 0.083021,
  "10": 0.073918,
  "7": 0.061072,
  "16": 0.047791,
  "13": 0.032248,
  "15": 0.026132,
  "17": 0.015175,
  "5": 0.012726,
  "8": 0.003578,
  "12": 0.000985,
  "14": 0.000612,
  "9": 2.5e-05
}