{
    "10": 0.28949521986575993,
    "18": 0.16989499036224,
    "11": 0.16118273769049,
    "17": 0.15909288936025,
    "12": 0.05489784894841,
    "15": 0.05434120454400001,
    "13": 0.05018204818225,
    "2": 0.02849823412164,
    "16": 0.013557668118759999,
    "20": 0.007250607650250001,
    "1": 0.0069013060908099996,
    "8": 0.00113728119696,
    "21": 0.00108562342144,
    "19": 0.0007803865731599999,
    "7": 0.00041618040024999996,
    "9": 0.000401641681,
    "5": 0.00025490357648999995,
    "14": 0.00022817915136,
    "4": 0.00017665865569000002,
    "6": 9.324219844e-05,
    "22": 5.822605636000001e-05,
    "3": 3.7067396889999994e-05,
    "23": 3.591844624e-05
}