{
  "10": 0.405396,
  "13": 0.188775,
  "15": 0.176103,
  "20": 0.084642,
  "18": 0.068754,
  "12": 0.019248,
  "11": 0.016385,
  "17": 0.013595,
  "7": 0.004858,
  "2": 0.003453,
  "19": 0.003342,
  "14": 0.002664,
  "8": 0.002641,
  "1": 0.002158,
  "4": 0.002062,
  "9": 0.001433,
  "16": 0.001158,
  "6": 0.001088,
  "5": 0.000902,
  "22": 0.000479,
  "3": 0.000433,
  "21": 0.000307,
  "23": 0.000123
}