{
  "1": 0.652739,
  "2": 0.105513,
  "7": 0.072739,
  "5": 0.071492,
  "3": 0.071244,
  "4": 0.020732,
  "6": 0.005543
}