{
    "3": 0.30088219884529005,
    "1": 0.21314833006401,
    "5": 0.17206086512484,
    "7": 0.17025559449616,
    "2": 0.08124962586624,
    "4": 0.04866365408256,
    "6": 0.01373966098569
}