{
  "12": 0.226718,
  "17": 0.141971,
  "18": 0.121604,
  "19": 0.114889,
  "20": 0.104582,
  "16": 0.076753,
  "21": 0.075934,
  "2": 0.02939,
  "7": 0.025717,
  "13": 0.021474,
  "8": 0.019328,
  "6": 0.014272,
  "3": 0.012185,
  "9": 0.007518,
  "4": 0.002114,
  "11": 0.001747,
  "14": 0.001262,
  "5": 0.000961,
  "15": 0.000916,
  "10": 0.000364,
  "1": 0.0003
}