{
    "8": 0.23783383066041,
    "12": 0.22548879056356003,
    "9": 0.16363384148224,
    "7": 0.06643743382116,
    "14": 0.057809999056409996,
    "20": 0.051547479456490006,
    "18": 0.049688823518009996,
    "5": 0.047290634788809995,
    "2": 0.024078504756249997,
    "11": 0.01578568600921,
    "19": 0.01474968957289,
    "17": 0.01145674811044,
    "16": 0.01041244731396,
    "6": 0.006265672336,
    "21": 0.006127711432089999,
    "13": 0.00397343643904,
    "15": 0.003087469225,
    "10": 0.00217544817889,
    "1": 0.00100239992449,
    "3": 0.0009833241639999998,
    "4": 0.0001705636
}