{
    "15": 0.16245607381056,
    "6": 0.14896025854369002,
    "9": 0.11055472050529,
    "14": 0.10651685470864002,
    "3": 0.09074848977601,
    "11": 0.08826383471928999,
    "13": 0.07969289478048999,
    "17": 0.07225602050304,
    "7": 0.05935825686025,
    "16": 0.03497591934225,
    "12": 0.03390846030624999,
    "2": 0.00807710220529,
    "1": 0.0018891366816400001,
    "8": 0.00131162038569,
    "5": 0.00058334808676,
    "10": 0.00030909859344000005,
    "4": 0.00013793093136
}