{
  "11": 0.167217,
  "7": 0.143233,
  "2": 0.117949,
  "14": 0.114879,
  "17": 0.077783,
  "15": 0.068166,
  "3": 0.068063,
  "6": 0.063208,
  "9": 0.047083,
  "16": 0.046568,
  "12": 0.038196,
  "1": 0.027587,
  "8": 0.006045,
  "13": 0.005601,
  "10": 0.004514,
  "5": 0.002697,
  "4": 0.001211
}