{
  "11": 0.140733,
  "4": 0.115432,
  "12": 0.106291,
  "15": 0.084965,
  "1": 0.082666,
  "10": 0.070268,
  "6": 0.070188,
  "3": 0.068762,
  "2": 0.052615,
  "19": 0.050992,
  "17": 0.043664,
  "5": 0.038435,
  "18": 0.027242,
  "13": 0.025326,
  "16": 0.015006,
  "14": 0.00645,
  "7": 0.000861,
  "9": 9e-05,
  "8": 1.2e-05
}