{
    "19": 0.53892600780964,
    "4": 0.19688841458520998,
    "14": 0.06535891658521,
    "12": 0.03006121389489,
    "5": 0.03003018658084,
    "17": 0.029424942369,
    "3": 0.02484037622889,
    "10": 0.01347412529961,
    "11": 0.013377328128159999,
    "6": 0.01120854159616,
    "13": 0.010686680076959998,
    "7": 0.009002593924,
    "15": 0.00807632931856,
    "1": 0.007857794193640001,
    "2": 0.00500130425601,
    "18": 0.00258950712384,
    "16": 0.0014263840562500003,
    "9": 0.0009609008025599999,
    "8": 0.00080830470249
}