{
    "8": 0.31295174335681,
    "7": 0.17339320730601,
    "1": 0.15240685060623999,
    "2": 0.15142402472976,
    "6": 0.13075412608036002,
    "5": 0.03524976210064,
    "4": 0.02971986363025,
    "9": 0.0074927894088099994,
    "3": 0.006607576368999999
}