{
  "1": 0.377154,
  "7": 0.216365,
  "5": 0.093302,
  "2": 0.085278,
  "4": 0.081764,
  "3": 0.074687,
  "8": 0.034002,
  "9": 0.026695,
  "6": 0.010753
}