{
    "1": 0.4791717126172899,
    "2": 0.28523343525624995,
    "8": 0.11305000768681,
    "7": 0.07097279621184001,
    "3": 0.016049291921639997,
    "9": 0.012566746302250001,
    "4": 0.0052031985422399995,
    "6": 0.0052031985422399995,
    "13": 0.00357129345609,
    "12": 0.00339538124601,
    "5": 0.0023125326854400003,
    "10": 0.0016351428816099999,
    "11": 0.0016351428816099999
}