{
  "2": 0.428155,
  "8": 0.210881,
  "1": 0.134314,
  "7": 0.09097,
  "3": 0.038352,
  "9": 0.024585,
  "4": 0.018584,
  "6": 0.018584,
  "13": 0.012756,
  "5": 0.00826,
  "10": 0.00584,
  "11": 0.00584,
  "12": 0.002879
}