{
  "9": 0.183474,
  "6": 0.182369,
  "8": 0.161298,
  "5": 0.142189,
  "7": 0.093222,
  "4": 0.055464,
  "10": 0.041345,
  "13": 0.037214,
  "11": 0.036439,
  "12": 0.033539,
  "1": 0.022477,
  "2": 0.006962,
  "3": 0.004008
}