{
    "1": 0.49131043497315996,
    "4": 0.13923532530625,
    "10": 0.07803742816324,
    "11": 0.07551185235364,
    "13": 0.05975819813401,
    "12": 0.059170854400360004,
    "9": 0.04733513840896,
    "8": 0.04285550004649,
    "6": 0.00261574965136,
    "3": 0.00210703950625,
    "2": 0.00140021149636,
    "7": 0.00064823706025,
    "5": 1.4133840249999999e-05
}