{
  "7": 0.240686,
  "6": 0.170492,
  "10": 0.099499,
  "9": 0.086874,
  "5": 0.076033,
  "8": 0.068808,
  "2": 0.067468,
  "13": 0.05165,
  "4": 0.051513,
  "11": 0.0438,
  "1": 0.034594,
  "12": 0.008409,
  "3": 0.000174
}