{
    "8": 0.21888100254784001,
    "10": 0.17724074740009,
    "11": 0.10274108355625,
    "9": 0.10153756758015998,
    "6": 0.09836559596241,
    "7": 0.07551800786915999,
    "13": 0.07543366617361,
    "5": 0.05535347863823999,
    "2": 0.0331203601,
    "4": 0.027203422277159994,
    "12": 0.023696322883209997,
    "1": 0.01085415999889,
    "3": 5.4594365440000004e-05
}