{
  "7": 0.284157,
  "10": 0.209243,
  "2": 0.148849,
  "9": 0.128649,
  "3": 0.10786,
  "5": 0.045345,
  "8": 0.043755,
  "1": 0.013994,
  "12": 0.011514,
  "6": 0.002392,
  "4": 0.001569,
  "11": 0.000957,
  "14": 0.000949,
  "13": 0.000767
}