{
    "1": 0.28850337305001,
    "9": 0.26544907230625,
    "7": 0.15831350772769,
    "2": 0.10957377697249002,
    "3": 0.05809107423681,
    "10": 0.05082008257561,
    "12": 0.034121478399999995,
    "4": 0.01751408734464,
    "5": 0.010980168667689999,
    "6": 0.0025102905678400004,
    "8": 0.0021370834579600003,
    "13": 0.0018929373624100001,
    "11": 4.672542736e-05,
    "14": 4.635839569e-05
}