{
    "5": 0.32058447832324,
    "6": 0.25395199603225,
    "8": 0.18592981793764002,
    "3": 0.053410537891840006,
    "2": 0.04712168587009,
    "1": 0.04412490951649,
    "10": 0.029029753313440005,
    "7": 0.028607426251289998,
    "9": 0.020173827597160004,
    "11": 0.01606774267396,
    "4": 0.0007875880959999999,
    "12": 0.00021013111681000002
}