{
  "3": 0.267451,
  "2": 0.23596,
  "1": 0.220954,
  "5": 0.146863,
  "6": 0.059484,
  "8": 0.041901,
  "7": 0.01079,
  "10": 0.00585,
  "9": 0.004055,
  "4": 0.003944,
  "11": 0.002712,
  "12": 3.6e-05
}