{
  "10": 0.310312,
  "16": 0.229015,
  "2": 0.191945,
  "14": 0.068934,
  "11": 0.065031,
  "12": 0.039739,
  "18": 0.020603,
  "21": 0.020004,
  "7": 0.013696,
  "6": 0.01369,
  "20": 0.012444,
  "19": 0.011351,
  "3": 0.002649,
  "13": 0.000556,
  "4": 3e-05,
  "24": 0.0,
  "22": 0.0,
  "9": 0.0,
  "5": 0.0,
  "8": 0.0,
  "17": 0.0,
  "15": 0.0,
  "1": 0.0,
  "23": 0.0
}