{
    "9": 0.22320418353601001,
    "10": 0.13468180689603998,
    "16": 0.10601242962024998,
    "1": 0.08177746824976,
    "2": 0.077565035025,
    "8": 0.055801305728999995,
    "13": 0.051798892279690006,
    "14": 0.050995214369439996,
    "11": 0.03459373083721,
    "12": 0.034324454145960005,
    "23": 0.026503123684839997,
    "7": 0.02590696270096,
    "6": 0.02590390461961,
    "22": 0.01327053312484,
    "15": 0.012949643412249998,
    "21": 0.01196350313284,
    "18": 0.010356705470409998,
    "20": 0.009690020156409998,
    "4": 0.008955650736490002,
    "17": 0.00258923234025,
    "3": 0.0008107060344099999,
    "19": 0.00034575171136000003,
    "24": 2.304e-11,
    "5": 3.6e-13
}