{
  "7": 0.170266,
  "3": 0.152137,
  "9": 0.132946,
  "10": 0.128777,
  "15": 0.117588,
  "2": 0.089165,
  "5": 0.063915,
  "6": 0.060805,
  "8": 0.059927,
  "14": 0.01943,
  "1": 0.003004,
  "13": 0.001041,
  "12": 0.000718,
  "11": 0.000224,
  "4": 5.6e-05
}