{
    "5": 0.30444836723856006,
    "2": 0.22970385464048998,
    "7": 0.16261798238463998,
    "9": 0.08816368362169001,
    "14": 0.07043986710601,
    "15": 0.043580528840249995,
    "12": 0.033929676840010005,
    "10": 0.027582732480249998,
    "3": 0.02227153293225,
    "6": 0.0057283403216399995,
    "8": 0.00564567396129,
    "1": 0.00483109793721,
    "4": 0.00093730884025,
    "13": 9.811100601e-05,
    "11": 2.111678209e-05
}