{
  "15": 0.200502,
  "13": 0.156365,
  "6": 0.152086,
  "12": 0.129761,
  "8": 0.080269,
  "1": 0.076732,
  "4": 0.060344,
  "7": 0.055399,
  "14": 0.045577,
  "2": 0.015503,
  "10": 0.012801,
  "3": 0.008495,
  "11": 0.003749,
  "9": 0.002418,
  "5": 0.0
}