{
    "13": 0.32699263678928997,
    "1": 0.16462746319761,
    "15": 0.15574791213081,
    "10": 0.10658827625796001,
    "6": 0.08139597588004,
    "7": 0.05438382577156,
    "8": 0.037659244788010006,
    "12": 0.032009825786410005,
    "2": 0.01567160970769,
    "9": 0.011509985397159998,
    "14": 0.008528559440039999,
    "11": 0.00301426254529,
    "3": 0.00158963284804,
    "4": 0.00028090430404,
    "5": 9e-14
}