{
  "6": 0.232083,
  "5": 0.164904,
  "2": 0.16313,
  "8": 0.108096,
  "9": 0.098287,
  "7": 0.067279,
  "10": 0.065216,
  "1": 0.060268,
  "4": 0.034041,
  "3": 0.006697
}