{
    "10": 0.60241673925601,
    "8": 0.13845573089295998,
    "9": 0.10604609886784001,
    "6": 0.05296819396324,
    "5": 0.03311701156864,
    "7": 0.024584013490410003,
    "2": 0.017641550862250003,
    "4": 0.01752909800625,
    "1": 0.00651759123856,
    "3": 0.0007242288322500001
}