{
    "8": 0.14164218277444002,
    "7": 0.10461466267561001,
    "10": 0.07123032547801,
    "28": 0.06784295390224,
    "13": 0.06706717011289001,
    "3": 0.060801153925209996,
    "9": 0.05888838916249,
    "20": 0.05778740017801,
    "6": 0.04657848822025,
    "1": 0.04601321014761,
    "31": 0.043756021384359994,
    "18": 0.03975266353249,
    "2": 0.03013994599396,
    "16": 0.020671681952250002,
    "24": 0.01999698607449,
    "17": 0.018001374228639996,
    "23": 0.01778094236304,
    "4": 0.017076034030089997,
    "12": 0.01597878021184,
    "5": 0.013275141436839999,
    "22": 0.011320449285759999,
    "29": 0.00912643944976,
    "30": 0.007533319948090001,
    "25": 0.00407560944025,
    "15": 0.00328007052961,
    "11": 0.0023256506249999995,
    "19": 0.0016804752409599999,
    "14": 0.0011807607888400001,
    "27": 0.00027683968225,
    "26": 0.00025851816224999996,
    "21": 4.636111921e-05
}