{
  "6": 0.209533,
  "1": 0.203647,
  "7": 0.061139,
  "20": 0.060247,
  "9": 0.055245,
  "13": 0.053811,
  "28": 0.041926,
  "3": 0.035689,
  "8": 0.031137,
  "18": 0.029565,
  "10": 0.028272,
  "4": 0.024958,
  "23": 0.022751,
  "16": 0.019427,
  "31": 0.017013,
  "2": 0.015652,
  "14": 0.012407,
  "12": 0.011343,
  "30": 0.011328,
  "5": 0.010725,
  "24": 0.010322,
  "11": 0.007944,
  "26": 0.006073,
  "27": 0.005769,
  "19": 0.002755,
  "15": 0.002683,
  "22": 0.002578,
  "29": 0.002236,
  "21": 0.002173,
  "25": 0.001367,
  "17": 0.000285
}