{
  "12": 0.472038,
  "6": 0.089613,
  "10": 0.059976,
  "19": 0.040197,
  "4": 0.039913,
  "11": 0.039817,
  "5": 0.03845,
  "3": 0.034791,
  "17": 0.033913,
  "15": 0.027284,
  "20": 0.026686,
  "8": 0.019782,
  "9": 0.019713,
  "18": 0.018005,
  "1": 0.015432,
  "16": 0.012444,
  "21": 0.008584,
  "22": 0.001362,
  "13": 0.001262,
  "23": 0.000682,
  "2": 2.9e-05,
  "14": 1.4e-05,
  "7": 1.2e-05
}