{
    "10": 0.36834933734041003,
    "6": 0.15076702734129,
    "1": 0.08162643277156,
    "20": 0.07436714437155999,
    "19": 0.06653505554721,
    "12": 0.051733411520040004,
    "11": 0.050748149802249995,
    "17": 0.04847914432804001,
    "8": 0.03456360638641,
    "18": 0.016741875612159996,
    "15": 0.01218988230084,
    "21": 0.011014229631690001,
    "3": 0.01035259445529,
    "13": 0.009866031718409999,
    "4": 0.00437430118225,
    "5": 0.00421400915716,
    "9": 0.00216049265721,
    "16": 0.0013638396720400002,
    "2": 0.00031111668225000005,
    "22": 0.00014922332649,
    "23": 9.025e-05,
    "14": 1.49597361e-06,
    "7": 1.3342560100000002e-06
}