{
    "9": 0.29202286519396,
    "5": 0.24002239027264,
    "4": 0.16032272257024002,
    "10": 0.10434082213488999,
    "8": 0.05591446661376,
    "3": 0.04525975424356,
    "7": 0.04112739384121,
    "1": 0.03366799293456,
    "6": 0.01457430832081,
    "12": 0.00715998591889,
    "2": 0.00433908086089,
    "11": 0.0012482654286400002
}