{
    "8": 0.30624669009936,
    "7": 0.27936224833729006,
    "6": 0.17450069219584002,
    "4": 0.11009847335881001,
    "1": 0.05645162162024999,
    "5": 0.044160080449,
    "2": 0.027315594240490005,
    "3": 0.00186440013369
}