{
    "8": 0.25666098733584,
    "3": 0.22375425891289003,
    "2": 0.21408564509720998,
    "4": 0.20917441926480998,
    "1": 0.05884398905284,
    "5": 0.03468336348409,
    "6": 0.0024000298980100003,
    "7": 0.00039731252929000005
}