{
    "14": 0.36961268658084,
    "10": 0.22294044825649,
    "7": 0.08744523208996001,
    "13": 0.07364894979556,
    "2": 0.049595824481439996,
    "12": 0.04770537432335999,
    "6": 0.04445021655684,
    "8": 0.026988279817210005,
    "11": 0.017836964736010003,
    "4": 0.01781653665796,
    "3": 0.017711670459039996,
    "1": 0.01515432398841,
    "9": 0.00871711659025,
    "5": 0.00037630568195999993
}