{
  "2": 0.374167,
  "1": 0.368687,
  "3": 0.122606,
  "4": 0.047643,
  "8": 0.040792,
  "5": 0.030937,
  "6": 0.015037,
  "7": 0.00013
}