{
  "4": 0.205725,
  "10": 0.166141,
  "5": 0.120039,
  "1": 0.11514,
  "8": 0.095961,
  "9": 0.085081,
  "3": 0.083078,
  "6": 0.049842,
  "7": 0.036851,
  "12": 0.024486,
  "11": 0.017647,
  "2": 9e-06
}