{
  "8": 0.245592,
  "2": 0.172698,
  "7": 0.155956,
  "1": 0.137904,
  "10": 0.09875,
  "13": 0.061025,
  "11": 0.050389,
  "14": 0.047967,
  "6": 0.011282,
  "4": 0.005398,
  "12": 0.005218,
  "5": 0.003424,
  "9": 0.002374,
  "3": 0.002022
}