{
  "6": 0.233268,
  "1": 0.218639,
  "7": 0.21661,
  "5": 0.171033,
  "8": 0.078818,
  "4": 0.056576,
  "2": 0.017835,
  "3": 0.007221
}