{
    "1": 0.28495653249423997,
    "10": 0.21266494856721002,
    "8": 0.10008377614403999,
    "9": 0.09900883885489001,
    "20": 0.06863372998416001,
    "45": 0.06251400078399999,
    "2": 0.03759903268209001,
    "47": 0.018761958860489997,
    "38": 0.010929427027209998,
    "19": 0.00954912022416,
    "6": 0.00905308481529,
    "16": 0.00772484545921,
    "48": 0.00745628796004,
    "46": 0.00630343899364,
    "12": 0.00585875430625,
    "49": 0.00522104514624,
    "22": 0.0047907715971599995,
    "14": 0.004568705500840001,
    "7": 0.004339528800010001,
    "3": 0.00391276521441,
    "5": 0.0035404404025600003,
    "30": 0.003280081984,
    "27": 0.003012802321,
    "44": 0.0028372241433600003,
    "31": 0.00241181174404,
    "53": 0.0023793225508899995,
    "26": 0.0023706479344899997,
    "51": 0.00208194176089,
    "52": 0.00208194176089,
    "23": 0.00165824056225,
    "24": 0.00165824056225,
    "25": 0.00165824056225,
    "32": 0.00165824056225,
    "17": 0.0008124894176400001,
    "21": 0.0008119023372099999,
    "15": 0.0005688654308100001,
    "29": 0.00041527918656000004,
    "33": 0.00038268358129000006,
    "42": 0.00033903488641,
    "34": 0.00030249557775999995,
    "35": 0.00030249557775999995,
    "50": 0.00029276236608999996,
    "11": 0.00023361899716000002,
    "37": 0.000216148804,
    "18": 0.00019809718009,
    "28": 0.00013461336529,
    "36": 0.00010740005956000001,
    "4": 9.415014960999999e-05,
    "13": 9.135154084e-05,
    "41": 8.158063684000001e-05,
    "39": 3.843628009e-05,
    "40": 1.6938163359999996e-05,
    "43": 0.0
}