{
  "20": 0.104386,
  "47": 0.103024,
  "45": 0.090112,
  "10": 0.071721,
  "38": 0.068964,
  "19": 0.068431,
  "48": 0.053433,
  "1": 0.039635,
  "49": 0.037415,
  "8": 0.035236,
  "9": 0.035147,
  "22": 0.034332,
  "16": 0.028084,
  "31": 0.017283,
  "53": 0.017051,
  "46": 0.016591,
  "51": 0.01492,
  "52": 0.01492,
  "27": 0.013075,
  "26": 0.012547,
  "23": 0.011883,
  "24": 0.011883,
  "25": 0.011883,
  "32": 0.011883,
  "6": 0.010953,
  "42": 0.00984,
  "7": 0.008835,
  "5": 0.008388,
  "17": 0.005822,
  "21": 0.005818,
  "2": 0.005283,
  "18": 0.003633,
  "34": 0.002168,
  "35": 0.002168,
  "33": 0.002168,
  "50": 0.002098,
  "12": 0.001361,
  "14": 0.001123,
  "29": 0.001044,
  "11": 0.000974,
  "36": 0.00077,
  "37": 0.000731,
  "30": 0.000624,
  "41": 0.000585,
  "3": 0.00055,
  "28": 0.000299,
  "39": 0.000275,
  "44": 0.000241,
  "13": 0.00014,
  "40": 0.000121,
  "15": 0.000104,
  "43": 3.4e-05,
  "4": 1.3e-05
}