{
  "4": 0.354983,
  "10": 0.176129,
  "5": 0.176088,
  "2": 0.133243,
  "8": 0.051087,
  "1": 0.050745,
  "6": 0.035231,
  "3": 0.020924,
  "7": 0.001568,
  "9": 0.0
}