{
    "10": 0.53478725797225,
    "5": 0.19519042097296002,
    "4": 0.15371645407561,
    "2": 0.04385326009689,
    "3": 0.02682595206769,
    "8": 0.016813816157610004,
    "1": 0.01670129752225,
    "6": 0.011595391587609999,
    "7": 0.0005161620486399999,
    "9": 2.1491560000000003e-08
}