{
    "12": 0.15102861337600001,
    "10": 0.13146969515625,
    "15": 0.11539839997156,
    "2": 0.11430139960801002,
    "11": 0.10555903530224998,
    "18": 0.05369165585316,
    "16": 0.04893532409689,
    "17": 0.04720959891728999,
    "7": 0.04184352533761001,
    "8": 0.04184352533761001,
    "20": 0.026910368318439997,
    "21": 0.025244856327690003,
    "13": 0.017164275156250002,
    "19": 0.01713028115929,
    "27": 0.012926666720250002,
    "22": 0.01184409949636,
    "14": 0.00799421962816,
    "5": 0.006781522500000001,
    "6": 0.0058747472796100006,
    "26": 0.004507766172010001,
    "1": 0.004402070373609999,
    "25": 0.003625846225,
    "24": 0.0016103526926399998,
    "23": 0.0012914535942399998,
    "9": 0.00057983195209,
    "3": 0.00046968858728999995,
    "4": 0.00036111020840999997
}