{
  "15": 0.17248,
  "20": 0.142365,
  "19": 0.089838,
  "25": 0.072122,
  "12": 0.0631,
  "22": 0.05375,
  "16": 0.052473,
  "14": 0.051913,
  "21": 0.050221,
  "11": 0.039283,
  "6": 0.037592,
  "26": 0.027278,
  "10": 0.025962,
  "17": 0.025756,
  "27": 0.019955,
  "18": 0.015549,
  "1": 0.012605,
  "9": 0.011533,
  "4": 0.007183,
  "2": 0.005802,
  "5": 0.005643,
  "23": 0.005011,
  "13": 0.004569,
  "7": 0.002088,
  "8": 0.002088,
  "24": 0.001998,
  "3": 0.001846
}