{
  "10": 0.457371,
  "9": 0.32193,
  "7": 0.065956,
  "1": 0.041923,
  "3": 0.040448,
  "8": 0.033781,
  "6": 0.02768,
  "5": 0.00714,
  "4": 0.003723,
  "2": 4.8e-05
}