{
    "1": 0.39240364509368997,
    "7": 0.15153985267344,
    "8": 0.13353937724415998,
    "3": 0.12347823518809001,
    "9": 0.10528305220225001,
    "10": 0.04879022740201,
    "6": 0.02650817065689,
    "5": 0.014181094323360002,
    "4": 0.004271262954009999,
    "2": 5.11483456e-06
}