{
  "graph_settings": {
    "position": {
      "x": -14.315478458534894,
      "y": 10.0353480814956
    },
    "scale": 0.9333202102903769
  },
  "node_coordinates": {
    "1": {
      "x": -70.03312959199224,
      "y": -118.97749654006547
    },
    "2": {
      "x": -1.0358547761493178,
      "y": 64.12217689182569
    },
    "3": {
      "x": -359.06075992011483,
      "y": -278.9169494375968
    },
    "4": {
      "x": -238.37319526560088,
      "y": -159.31458671809332
    },
    "5": {
      "x": -292.37925050667104,
      "y": 29.420870522991905
    },
    "6": {
      "x": -145.88182139245208,
      "y": 63.44099691105403
    },
    "7": {
      "x": 132.7448552494521,
      "y": 71.01543119382269
    },
    "8": {
      "x": 12.452165544667249,
      "y": 169.1498706355485
    },
    "9": {
      "x": -9.402906046823261,
      "y": -67.18355197940333
    },
    "10": {
      "x": 168.45022198823915,
      "y": -99.18619993693098
    },
    "11": {
      "x": 316.39910372348345,
      "y": 132.6985800979225
    },
    "12": {
      "x": 170.72180125344755,
      "y": 298.0876459820578
    },
    "13": {
      "x": 329.5298033845147,
      "y": 14.139112499525396
    }
  }
}