{
  "graph_settings": {
    "position": {
      "x": 46.410484585638415,
      "y": -6.507552944778842
    },
    "scale": 1.0460890548900006
  },
  "node_coordinates": {
    "1": {
      "x": -217.2383054933637,
      "y": -16.1262560027659
    },
    "2": {
      "x": -345.41391515815707,
      "y": -125.64525849354634
    },
    "3": {
      "x": -0.015567340890811465,
      "y": 178.94061103277073
    },
    "4": {
      "x": -86.96947011360288,
      "y": -79.48624125513203
    },
    "5": {
      "x": 315.22871805858784,
      "y": -169.56167052363097
    },
    "6": {
      "x": 146.34982919386874,
      "y": -218.37978451348206
    },
    "7": {
      "x": 2.052857656025813,
      "y": -243.33378101753348
    },
    "8": {
      "x": 54.85815531189269,
      "y": -86.02663513764558
    },
    "9": {
      "x": 459.38656372474304,
      "y": -44.34411716378167
    },
    "10": {
      "x": -106.22402760162672,
      "y": 136.5134279853814
    },
    "11": {
      "x": 301.0526310409343,
      "y": 108.94061337884034
    },
    "12": {
      "x": -425.6350797570379,
      "y": 108.3364282958315
    },
    "13": {
      "x": -118.89133062023019,
      "y": -209.3963727243261
    }
  }
}